{
  "thresholds_analyzed": [
    0.25,
    0.3,
    0.35,
    0.4,
    0.5,
    0.6
  ],
  "datasets": {
    "dataset1": {
      "0.25": {
        "accuracy": 99.0,
        "precision": 100.0,
        "recall": 98.0,
        "f1_score": 98.98989898989899,
        "tp": 98,
        "fn": 2,
        "fp": 0,
        "tn": 100
      },
      "0.3": {
        "accuracy": 97.5,
        "precision": 100.0,
        "recall": 95.0,
        "f1_score": 97.43589743589743,
        "tp": 95,
        "fn": 5,
        "fp": 0,
        "tn": 100
      },
      "0.35": {
        "accuracy": 96.5,
        "precision": 100.0,
        "recall": 93.0,
        "f1_score": 96.37305699481865,
        "tp": 93,
        "fn": 7,
        "fp": 0,
        "tn": 100
      },
      "0.4": {
        "accuracy": 93.5,
        "precision": 100.0,
        "recall": 87.0,
        "f1_score": 93.04812834224599,
        "tp": 87,
        "fn": 13,
        "fp": 0,
        "tn": 100
      },
      "0.5": {
        "accuracy": 80.0,
        "precision": 100.0,
        "recall": 60.0,
        "f1_score": 74.99999999999999,
        "tp": 60,
        "fn": 40,
        "fp": 0,
        "tn": 100
      },
      "0.6": {
        "accuracy": 65.5,
        "precision": 100.0,
        "recall": 31.0,
        "f1_score": 47.32824427480916,
        "tp": 31,
        "fn": 69,
        "fp": 0,
        "tn": 100
      }
    },
    "dataset2": {
      "0.25": {
        "accuracy": 99.5,
        "precision": 100.0,
        "recall": 99.0,
        "f1_score": 99.49748743718592,
        "tp": 99,
        "fn": 1,
        "fp": 0,
        "tn": 100
      },
      "0.3": {
        "accuracy": 98.0,
        "precision": 100.0,
        "recall": 96.0,
        "f1_score": 97.95918367346938,
        "tp": 96,
        "fn": 4,
        "fp": 0,
        "tn": 100
      },
      "0.35": {
        "accuracy": 96.5,
        "precision": 100.0,
        "recall": 93.0,
        "f1_score": 96.37305699481865,
        "tp": 93,
        "fn": 7,
        "fp": 0,
        "tn": 100
      },
      "0.4": {
        "accuracy": 92.5,
        "precision": 100.0,
        "recall": 85.0,
        "f1_score": 91.89189189189189,
        "tp": 85,
        "fn": 15,
        "fp": 0,
        "tn": 100
      },
      "0.5": {
        "accuracy": 79.5,
        "precision": 100.0,
        "recall": 59.0,
        "f1_score": 74.21383647798743,
        "tp": 59,
        "fn": 41,
        "fp": 0,
        "tn": 100
      },
      "0.6": {
        "accuracy": 69.5,
        "precision": 100.0,
        "recall": 39.0,
        "f1_score": 56.11510791366906,
        "tp": 39,
        "fn": 61,
        "fp": 0,
        "tn": 100
      }
    }
  },
  "recommendations": {
    "best_threshold": 0.3,
    "reason": "Highest accuracy with perfect precision and excellent recall",
    "dataset1_best_accuracy": 97.5,
    "dataset2_best_accuracy": 98.0
  }
}